time(ms), room temp(Celcius), accX(G), accY(G), accZ(G), angleX(Deg), angleY(Deg), angleZ(Deg), Front Left (1), Back Left (2), Front Right (3), Back Right (4)
9657,23.52,-0.04,-0.16,0.93,1.72,-10.5,3.57,4,5,20,0
9878,23.56,-0.03,-0.15,0.93,-5.34,-2.14,3.64,4,7,17,0
10102,23.61,-0.03,-0.15,0.91,-7.62,0.61,3.75,4,8,14,1
10328,23.52,-0.04,-0.14,0.91,-8.37,1.58,3.79,4,8,15,1
10549,23.61,-0.04,-0.15,0.91,-8.71,1.86,3.84,4,7,16,1
10770,23.56,-0.04,-0.15,0.91,-8.81,1.96,3.92,5,6,19,0
10991,23.56,-0.04,-0.15,0.92,-8.8,2.06,3.98,5,6,19,0
11216,23.61,-0.05,-0.15,0.92,-8.82,2.1,4.05,5,6,20,0
11438,23.66,-0.04,-0.15,0.92,-8.83,2.12,4.13,4,6,22,0
11659,23.61,-0.04,-0.15,0.93,-8.78,2.11,4.21,4,6,20,0
11880,23.66,-0.05,-0.14,0.92,-8.69,2.17,4.29,4,6,19,0
12101,23.66,-0.06,-0.14,0.92,-8.72,2.22,4.39,4,5,21,0
12326,23.66,-0.03,-0.15,0.91,-8.75,2.03,4.47,4,5,17,0
12548,23.52,-0.04,-0.15,0.91,-8.69,2.12,4.53,4,5,18,0
12769,23.61,-0.04,-0.15,0.92,-8.75,2.13,4.58,4,5,16,0
12990,23.61,-0.04,-0.15,0.92,-8.76,2.14,4.64,4,5,20,0
13211,23.56,-0.04,-0.15,0.91,-8.77,2.11,4.71,4,5,17,0
13436,23.66,-0.04,-0.15,0.92,-8.72,2.18,4.79,4,6,17,0
13658,23.56,-0.04,-0.15,0.91,-8.69,2.14,4.85,4,6,17,0
13879,23.66,-0.04,-0.15,0.91,-8.75,2.16,4.92,4,6,18,0
14100,23.56,-0.04,-0.15,0.91,-8.74,2.14,4.98,4,5,16,0
14321,23.61,-0.05,-0.15,0.92,-8.79,2.19,5.03,4,5,17,0
14545,23.61,-0.04,-0.15,0.9,-8.81,2.18,5.09,4,5,21,0
14767,23.66,-0.05,-0.16,0.91,-8.96,2.31,5.11,4,7,25,1
14988,23.66,-0.05,-0.16,0.93,-9.6,2.22,5.07,5,10,25,3
15209,23.66,-0.03,-0.16,0.92,-9.8,1.88,5.37,3,9,2,6
15430,23.61,-0.17,-0.21,0.74,-9.73,2.32,5.36,0,10,2,5
15654,23.56,-0.63,-0.07,0.72,-17.32,7.76,14.92,0,3,1,0
15876,23.66,0.99,-0.33,1.13,-14.42,-3.11,30.86,0,2,2,0
16097,23.71,0.44,-0.31,0.84,-18.64,-4.84,24.37,0,2,2,0
16321,23.61,-0.19,0.04,0.9,-5.43,0.66,21.33,2,5,8,0
16541,23.61,-0.03,-0.19,0.91,-10.92,1.86,21.39,0,5,6,4
16766,23.52,-0.05,-0.23,0.85,-13.46,2.88,21.35,1,39,6,24
16992,23.56,-0.03,-0.24,0.91,-12.61,2.18,21.81,5,42,8,23
17214,23.61,0,-0.19,0.88,-12.75,2.1,22.19,4,35,10,22
17436,23.61,-0.02,-0.23,0.94,-12.61,1.87,22.08,4,55,10,55
17662,23.56,-0.02,-0.23,0.92,-12.36,1.12,22.45,10,63,6,58
17885,23.56,-0.05,-0.2,0.91,-12.26,1.54,22.5,11,69,7,66
18107,23.61,-0.04,-0.2,0.89,-12.63,1.98,22.37,6,50,8,32
18329,23.56,-0.06,-0.23,0.92,-13.2,2.55,21.88,11,34,30,5
18555,23.66,-0.04,-0.23,0.9,-13.36,1.85,22.18,23,27,25,9
18778,23.56,-0.03,-0.23,0.9,-13.48,1.69,22.25,27,26,28,7
19000,23.56,-0.04,-0.23,0.89,-13.87,1.8,22.01,28,14,34,2
19222,23.56,-0.04,-0.25,0.9,-14.14,1.78,21.94,17,24,28,6
19445,23.61,-0.03,-0.24,0.91,-14.17,1.57,21.91,11,42,9,8
19672,23.61,-0.04,-0.24,0.91,-14.29,1.13,21.77,10,32,11,12
19894,23.61,-0.01,-0.16,0.96,-14.37,1.75,22.38,12,0,5,0
20119,23.56,-0.53,-0.26,1.04,-28.69,14.84,33.78,1,3,2,0
20343,23.42,0.05,-0.31,0.39,-17.73,-0.15,66.79,0,3,2,0
20568,23.61,0.31,-0.61,0.56,-13.94,6.41,92.34,0,2,2,0
20792,23.52,-0.24,-0.53,-0.19,-25.4,3.03,100.73,0,3,2,0
21013,23.42,0.83,-0.22,0.35,-15.31,-18.13,102.25,2,60,8,69
21239,23.47,-0.09,-0.16,0.91,-12.32,-0.14,100.56,7,60,11,58
21463,23.52,-0.07,-0.22,0.89,-13.6,1.83,100.03,14,23,30,7
21685,23.61,-0.16,-0.26,1.36,-14.41,5.12,95.65,2,1,6,0
21909,23.38,1.11,-0.46,1.21,2.46,8.17,82.28,0,2,3,0
22129,23.47,0,-0.38,1.17,9.66,2.27,67.79,0,2,2,0
22352,23.47,0.21,-0.04,-0.3,-10.29,-10.96,51.19,0,53,3,60
22575,23.52,-0.35,-0.1,0.97,-11.15,-0.65,47.05,8,53,8,40
22797,23.42,-0.07,-0.25,0.91,-15.47,0.25,47.03,26,0,44,0
23022,23.47,-0.09,-0.18,0.49,-13.9,3.88,48.09,7,0,20,0
23246,23.47,-0.48,0.04,1.38,-5.07,32.57,18.29,0,1,2,0
23468,23.42,0.01,-0.22,1.04,9.07,5.41,11.2,0,1,3,0
23688,23.42,0.14,-1.23,0.04,-21.96,-7.27,5.54,0,8,3,4
23912,23.38,-0.3,-0.17,1.15,-19.47,-4.43,-0.67,7,46,22,32
24134,23.42,-0.13,-0.28,0.99,-16.44,1.33,-0.9,1,1,48,4
24359,23.42,-0.1,-0.27,0.91,-16.35,2.68,-1.98,13,0,73,0
24581,23.38,0.08,-0.85,1.23,-25.59,6.55,-12.36,0,1,4,0
24802,23.38,1.25,-0.56,0.97,2.66,2.61,-44.04,0,1,3,0
25022,23.42,-0.03,-0.46,0.49,13.1,9.47,-58.2,0,1,3,0
25243,23.42,0.06,-0.35,1.81,-14.32,2.17,-62.03,0,46,3,37
25468,23.38,-0.11,-0.31,1,-22.87,3.36,-62.74,10,39,21,17
25692,23.38,-0.07,-0.23,0.87,-17.09,3.31,-63.05,23,10,39,0
25914,23.47,-0.05,-0.24,0.88,-16.72,2.6,-62.97,20,0,53,0
26136,23.38,-0.48,0.07,0.35,-19.35,11.89,-79.51,0,1,2,0
26360,23.33,-0.43,-0.15,1.15,-1.95,9.47,-77.83,0,1,2,0
26582,23.33,-0.16,-0.3,0.79,7.14,12.52,-68.65,0,1,3,0
26806,23.28,0.54,1.18,0.12,-9.15,-9.26,-65.42,0,42,2,39
27027,23.33,-0.39,-0.12,1.1,-17.89,-5.08,-66.56,6,60,10,53
27250,23.42,-0.12,-0.18,0.9,-14.88,0.43,-65.96,6,20,37,11
27475,23.38,-0.06,-0.23,0.85,-14.86,1.93,-66.77,34,0,55,0
27698,23.28,0.27,-0.55,0.99,-26.79,4.55,-67.12,4,0,10,0
27919,23.38,-0.21,-0.22,0.97,-5.06,27.28,-81.12,0,2,2,0
28140,23.33,-0.32,-0.3,1.23,6.27,17.53,-74.04,0,1,2,0
28364,23.38,-0.16,-0.97,0.25,-19.36,7.4,-64.19,0,3,2,0
28590,23.38,0.67,0,0.42,-22.18,-15.5,-63.78,3,63,11,53
28812,23.33,-0.05,-0.26,0.91,-18.48,1.85,-65.88,11,6,40,6
29034,23.28,-0.08,-0.25,0.9,-15.68,3.25,-66.2,30,1,63,0
29259,23.28,-0.11,-0.25,0.88,-15.79,3.73,-66.08,23,0,55,0
29485,23.38,-0.6,-0.06,0.92,-19.93,6.91,-75.09,0,1,2,0
29710,23.24,-0.48,-0.11,0.77,-3.43,11.14,-67,0,2,2,0
29931,23.38,-0.16,-0.04,0.98,6.82,12.77,-55.25,0,1,2,0
30155,23.28,-0.09,-0.3,0.43,2.1,12.75,-43.3,0,1,3,0
30380,23.33,-0.31,0.06,1.58,-18.31,4.35,-41.97,1,66,3,63
30602,23.24,-0.08,-0.09,0.95,-12.93,3.06,-42.6,7,55,0,40
30824,23.38,-0.13,-0.23,0.96,-13.9,5.08,-42.56,17,3,32,6
31049,23.19,-0.09,-0.28,0.91,-13.97,4.68,-41.73,42,0,31,0
31275,23.19,-0.12,-0.25,0.93,-13.89,4.48,-41.46,39,0,40,0
31497,23.24,-0.09,-0.21,0.88,-13.09,4.47,-42.33,44,0,50,0
31719,23.38,-0.48,-0.04,0.84,-17.03,12.92,-54.5,1,2,3,0
31944,23.42,-0.2,-0.09,1.13,5.8,10.5,-60.4,1,1,3,0
32168,23.24,-0.18,-0.15,1,16.81,16.28,-54.81,1,1,2,0
32393,23.24,-0.07,1.12,1.1,-4.95,0.61,-55.68,1,27,2,22
32615,23.19,0.17,-0.19,0.76,-25.9,-4.78,-56.21,5,63,11,50
32837,23.33,-0.11,-0.17,0.89,-15.52,4.56,-57.24,0,53,16,37
33060,23.38,-0.09,-0.19,0.86,-13.24,4.7,-57.46,18,22,34,8
33283,23.24,-0.05,-0.27,0.83,-15.8,4.47,-58.67,11,0,14,0
33508,23.24,-0.6,0.56,0.34,-14.78,22.95,-82.57,1,2,2,0
33729,23.28,0.15,-0.09,0.97,1.4,5.25,-91,0,1,2,0
33949,23.33,-0.01,-0.3,0.92,12.83,2.93,-98.92,1,1,2,0
34173,23.33,-0.3,0.73,1.34,-3.33,1.04,-116.41,1,15,2,7
34395,23.24,-0.02,-0.08,0.8,-15.01,-3.01,-116.17,4,60,11,63
34618,23.28,-0.08,-0.19,0.88,-14.77,3.48,-116.97,2,32,30,11
34840,23.28,-0.08,-0.24,0.9,-14.73,3.75,-117.33,32,1,50,0
35066,23.19,-0.05,-0.25,0.83,-16.04,3.85,-116.91,11,0,22,0
35289,23.28,-1.06,0.15,0.12,-21.83,23.17,-148.46,1,1,2,0
35510,23.33,-0.15,-0.13,1.13,0.88,11.56,-144.09,0,1,2,0
35731,23.28,0.18,-0.2,0.68,8.18,2.63,-138.7,1,1,2,0
35955,23.19,-0.59,1.21,0.45,0.47,6.4,-154.61,1,23,2,22
36180,23.28,0.27,-0.07,0.7,-8.79,0.97,-156.2,4,60,11,63
36403,23.19,-0.22,-0.12,0.89,-8.56,8.04,-158.06,8,60,14,58
36625,23.24,-0.13,-0.18,0.88,-10.36,7.19,-158.1,3,40,30,19
36848,23.24,-0.12,-0.23,0.94,-12.64,5.69,-158.63,31,1,58,0
37074,23.28,0.02,0.5,0.56,-13.53,5.58,-158.76,9,0,21,0
37300,23.28,-0.85,0.05,0.15,-15.86,27.06,-187.3,0,1,2,0
37525,23.19,-0.45,-0.1,1.02,-2.53,11.88,-178.38,0,2,2,0
37746,23.24,-0.01,-0.16,0.99,8.19,10.37,-170.33,0,1,3,0
37970,23.19,-0.41,-0.23,0.71,-3.09,7.14,-179.83,1,1,2,0
38196,23.19,-2,1.22,2,-6.46,8.17,-184.26,1,50,5,46
38417,23.09,0,-0.15,0.79,-10.74,0.56,-181.77,7,66,12,63
38640,23.19,-0.13,-0.18,0.89,-10.74,6.05,-182.26,0,32,42,23
38867,23.19,-0.13,-0.23,0.89,-12.1,6.3,-182.91,25,9,58,0
39090,23.19,-0.12,-0.27,0.9,-14.22,5.71,-183.32,32,0,66,0
39313,23.24,-0.13,-0.24,0.87,-14.89,5.64,-182.88,28,0,77,0
39535,23.19,-0.02,-0.35,0.94,-22.8,6.97,-184.81,1,0,8,0
39759,23.14,-0.2,0.1,0.95,3.63,20.93,-199.32,0,2,2,0
39981,23.14,-0.15,-0.1,0.81,11.55,14.98,-189.08,0,1,3,0
40206,23.09,-0.25,-0.13,1.05,-20.51,8.92,-184.86,0,10,2,3
40431,23.19,-0.02,0.01,0.85,-11.58,-10.03,-184.79,2,69,11,77
40657,23.19,-0.13,-0.1,0.9,-8.76,3.26,-185.82,5,69,11,69
40881,23.24,-0.13,-0.15,0.9,-8.53,6.05,-185.93,8,66,12,60
41104,23.24,-0.17,-0.16,0.9,-9.26,7.52,-186.45,10,46,18,23
41326,23.19,-0.13,-0.23,0.86,-13.34,6.5,-187.29,7,0,11,0
41551,23.09,-0.75,0.03,1.01,-13.74,11.38,-195.17,0,2,2,0
41777,23.24,-0.24,-0.15,0.8,-7.77,11.99,-184.15,0,2,2,0
42002,23.19,-0.39,-0.05,0.9,-3.65,14.41,-179.85,0,1,2,0
42226,23.19,0.02,-0.26,0.44,-10.15,1.84,-179.73,0,1,2,0
42451,23.19,0.22,-0.16,0.56,-14.01,-1.07,-187.26,3,50,11,44
42678,23.09,-0.17,-0.13,0.89,-9.04,8.99,-188.4,9,44,39,40
42901,23.19,-0.18,-0.14,0.87,-8.49,9.35,-188.51,10,40,44,35
43128,23.14,-0.16,-0.18,0.9,-9.99,8.46,-188.76,3,13,58,7
43351,23.24,-0.11,-0.21,0.89,-12.62,6.33,-189.19,25,0,77,0
43573,23.14,-0.12,-0.23,0.91,-14.1,6.03,-190.51,24,0,73,0
43795,23.19,-0.12,-0.49,1.03,-22.28,7.88,-208.69,0,1,2,0
44020,23.24,0.42,-0.43,0.59,-10.58,5.24,-249.8,0,1,3,0
44244,23.28,-0.04,0.1,0.67,-7.66,12.13,-276.9,0,2,2,0
44467,23.33,-0.14,-0.21,0.91,-9.27,8.56,-279.54,11,42,27,25
44689,23.24,-0.12,-0.2,0.88,-10.21,7.27,-279.36,8,53,20,39
44912,23.19,-0.13,-0.18,0.9,-10.33,6.85,-279.43,6,60,10,35
45139,23.24,0.23,-1.33,0.92,-13.88,3.04,-281.74,1,0,3,0
45364,23.09,-0.67,-0.3,0.98,-21.46,22.22,-331.95,1,1,1,0
45586,23.19,-0.29,-0.16,0.84,-19.72,11.78,-329.36,0,2,1,0
45811,23.28,-0.09,-0.47,0.89,-19.58,-2.59,-297.35,0,1,1,0
46035,23.19,0.06,-0.46,1,-26.31,-8.31,-256.75,0,1,2,0
46261,23.24,-0.04,-0.34,0.98,-24.36,-0.94,-245.65,0,2,2,0
46483,23.19,-0.11,-0.13,0.97,-8.94,3.32,-251.11,0,1,2,0
46704,23.19,0.1,-0.19,0.7,-2.24,0.74,-246.66,0,0,2,0
46928,23.19,-0.31,0.07,0.4,-9.26,9.12,-253.77,0,11,2,4
47154,23.24,-0.18,-0.07,0.81,-17.82,3.57,-256.57,6,53,7,44
47376,23.19,-0.11,-0.2,0.88,-15.2,4.73,-256.44,8,32,21,2
47599,23.24,-0.1,-0.23,0.87,-14.56,4.83,-256.37,26,17,24,4
47825,23.19,-0.1,-0.24,0.89,-13.4,5.18,-256.33,9,37,22,10
48049,23.24,-0.11,-0.22,0.9,-12.69,5.64,-256.54,5,46,12,17
48272,23.14,-0.11,-0.23,0.9,-12.82,5.48,-256.61,8,44,1,11
48494,23.19,-0.12,-0.22,0.89,-12.25,5.6,-256.63,3,24,8,4
48720,23.19,-0.12,-0.22,0.88,-12.35,5.99,-256.7,3,7,11,3
48943,23.14,-0.13,-0.23,0.9,-12.37,6.32,-256.51,4,22,4,10
49165,23.14,-0.14,-0.21,0.88,-12.36,6.46,-256.43,4,27,10,7
49388,23.19,-0.13,-0.22,0.89,-12.27,6.54,-256.39,5,35,12,17
49611,23.19,-0.13,-0.23,0.91,-12.15,6.58,-256.28,5,37,11,23
49838,23.24,-0.14,-0.22,0.89,-12.12,6.6,-256.19,4,40,15,32
50061,23.19,-0.13,-0.22,0.89,-12.19,6.6,-256.19,5,40,13,27
50284,23.14,-0.13,-0.23,0.9,-12.29,6.61,-256.19,6,39,18,27
50510,23.24,-0.14,-0.23,0.89,-12.33,6.64,-256.14,6,40,19,25
50734,23.09,-0.14,-0.23,0.9,-12.34,6.63,-256.07,7,42,22,31
50957,23.24,-0.13,-0.23,0.9,-12.43,6.56,-256.06,7,42,20,27
51180,23.24,-0.14,-0.23,0.89,-12.37,6.63,-255.98,6,42,19,28
51406,23.19,-0.13,-0.23,0.89,-12.32,6.65,-255.92,6,42,23,30
51630,23.19,-0.14,-0.23,0.89,-12.35,6.69,-255.85,6,42,21,28
51853,23.24,-0.13,-0.22,0.88,-12.35,6.69,-255.79,6,42,24,32
52075,23.24,-0.13,-0.22,0.89,-12.29,6.69,-255.7,6,42,22,28
52302,23.24,-0.13,-0.22,0.88,-12.22,6.76,-255.62,6,42,21,32
52526,23.24,-0.14,-0.23,0.89,-12.23,6.7,-255.57,6,42,20,35
52749,23.14,-0.14,-0.22,0.9,-12.15,6.78,-255.43,4,46,16,32
52971,23.24,-0.13,-0.22,0.88,-12.17,6.78,-255.37,4,44,18,39
53198,23.19,-0.15,-0.2,0.89,-11.78,6.98,-255.12,2,50,16,40
53422,23.24,-0.15,-0.22,0.88,-11.72,7.11,-255.13,2,48,18,37
53645,23.33,-0.14,-0.22,0.88,-11.92,7,-255.26,3,44,22,27
53868,23.24,-0.14,-0.22,0.88,-12.19,6.92,-255.38,5,37,23,10
54095,23.19,-0.13,-0.23,0.9,-12.52,6.77,-255.37,6,39,26,6
54318,23.24,-0.13,-0.23,0.88,-12.47,6.79,-255.3,7,35,25,8
54541,23.14,-0.14,-0.23,0.89,-12.49,6.81,-255.26,7,35,25,6
54763,23.28,-0.13,-0.23,0.87,-12.49,6.78,-255.19,7,37,30,7
54989,23.24,-0.13,-0.23,0.89,-12.45,6.8,-255.13,7,37,24,7
55213,23.19,-0.14,-0.23,0.89,-12.47,6.79,-255.09,7,35,30,2
55436,23.14,-0.14,-0.24,0.91,-12.62,6.72,-255.06,8,32,27,0
55658,23.14,-0.13,-0.23,0.9,-12.7,6.73,-255.01,8,32,28,11
55884,23.19,-0.13,-0.23,0.89,-12.69,6.7,-254.93,8,32,26,11
56108,23.24,-0.14,-0.23,0.88,-12.66,6.73,-254.85,8,35,31,2
56330,23.24,-0.14,-0.24,0.89,-12.66,6.73,-254.79,8,35,30,0
56553,23.28,-0.13,-0.23,0.89,-12.68,6.72,-254.75,8,34,30,11
56779,23.33,-0.13,-0.24,0.89,-12.72,6.74,-254.7,9,32,28,10
57003,23.24,-0.13,-0.23,0.89,-12.73,6.74,-254.65,9,34,30,11
57226,23.28,-0.14,-0.23,0.88,-12.74,6.72,-254.6,9,31,31,10
57448,23.28,-0.13,-0.23,0.89,-12.72,6.71,-254.55,9,32,30,9
57671,23.33,-0.13,-0.23,0.88,-12.76,6.72,-254.5,9,34,30,10
57897,23.33,-0.15,-0.23,0.89,-12.75,6.74,-254.44,9,34,28,10
58121,23.19,-0.14,-0.23,0.88,-12.81,6.71,-254.4,9,31,31,10
58343,23.33,-0.14,-0.24,0.9,-12.84,6.7,-254.35,9,32,30,9
58566,23.24,-0.14,-0.24,0.89,-12.82,6.71,-254.28,9,32,30,10
58792,23.24,-0.14,-0.23,0.88,-12.82,6.73,-254.21,10,32,32,10
59016,23.24,-0.13,-0.24,0.89,-12.86,6.69,-254.15,10,32,31,10
59239,23.28,-0.13,-0.23,0.89,-12.82,6.71,-254.09,10,32,37,10
59462,23.38,-0.14,-0.23,0.89,-12.83,6.69,-254.02,10,31,32,10
59688,23.28,-0.13,-0.23,0.89,-12.84,6.68,-253.96,10,34,35,10
59912,23.33,-0.13,-0.23,0.89,-12.82,6.7,-253.9,9,32,31,11
60135,23.28,-0.13,-0.23,0.89,-12.8,6.73,-253.84,10,34,28,11
60358,23.28,-0.14,-0.23,0.88,-12.8,6.74,-253.77,10,32,32,12
60584,23.28,-0.14,-0.24,0.88,-12.84,6.74,-253.71,10,34,32,12
60809,23.38,-0.14,-0.24,0.89,-12.83,6.71,-253.65,10,34,32,12
61031,23.24,-0.13,-0.24,0.89,-12.84,6.69,-253.58,10,35,35,0
61254,23.28,-0.13,-0.23,0.89,-12.8,6.71,-253.52,10,32,32,12
61481,23.28,-0.14,-0.23,0.89,-12.83,6.71,-253.47,10,34,34,0
61704,23.38,-0.14,-0.23,0.89,-12.82,6.71,-253.41,10,32,34,0
61927,23.33,-0.13,-0.24,0.88,-12.8,6.72,-253.35,10,35,32,0
62150,23.28,-0.13,-0.24,0.88,-12.81,6.71,-253.29,10,35,35,2
62373,23.38,-0.14,-0.23,0.89,-12.82,6.73,-253.24,10,34,32,0
62596,23.38,-0.14,-0.24,0.89,-12.84,6.73,-253.21,9,32,31,11
62819,23.38,-0.13,-0.23,0.88,-12.85,6.72,-253.14,9,34,35,12
63042,23.33,-0.14,-0.23,0.89,-12.8,6.71,-253.08,10,35,34,1
63268,23.38,-0.14,-0.24,0.89,-12.9,6.72,-252.98,9,32,34,11
63492,23.38,-0.13,-0.24,0.9,-12.73,6.69,-252.81,6,40,26,10
63714,23.28,-0.14,-0.23,0.88,-12.5,6.88,-252.69,5,42,30,15
63937,23.28,-0.15,-0.24,0.91,-12.69,6.63,-252.74,5,37,19,0
64163,23.38,-0.13,-0.25,0.9,-12.87,6.59,-252.73,4,18,11,2
64390,23.38,-1.34,-0.04,0.04,-5.49,16.29,-275.86,0,1,2,0
64611,23.28,-0.1,-0.22,1.24,-13.07,0.53,-291.98,1,5,4,0
64833,23.33,-0.12,-0.19,0.88,-11.66,7.14,-291.32,8,50,12,48
65059,23.28,-0.18,-0.3,0.91,-12.05,7.02,-291.56,4,19,3,7
65285,23.28,-0.33,-0.47,0.62,-20.8,9.66,-335.98,0,1,2,0
65510,23.24,-0.57,-0.08,0.84,-10.74,21.12,-371.98,0,1,2,0
65735,23.33,-0.09,-0.14,0.79,-7.88,12.74,-372.02,2,19,9,2
65961,23.28,-0.15,-0.21,0.88,-10.54,9.24,-372.16,6,46,10,44
66185,23.38,-0.13,-0.22,0.9,-11.41,7.43,-371.97,9,35,5,7
66407,23.33,-0.11,-0.2,0.88,-11.59,6.65,-372.08,3,13,5,5
66629,23.42,-0.12,-0.22,0.9,-11.89,6.41,-371.97,2,5,4,0
66854,23.33,-0.15,-0.2,0.9,-11.87,6.53,-371.82,1,8,5,1
67077,23.28,-0.12,-0.22,0.9,-12.02,6.27,-371.92,2,6,4,0
67299,23.33,-0.11,-0.21,0.88,-12.14,5.94,-371.84,3,11,4,3
67521,23.24,-0.13,-0.22,0.89,-12.08,6.2,-371.78,2,16,5,9
67747,23.38,-0.13,-0.22,0.89,-11.96,6.28,-371.72,3,30,7,10
67970,23.38,-0.16,-0.21,0.91,-11.54,6.83,-371.37,4,58,12,58
68194,23.24,-0.14,-0.21,0.89,-11.46,6.96,-371.25,3,58,12,53
68416,23.42,-0.12,-0.2,0.87,-11.52,6.79,-371.42,1,11,8,2
68642,23.33,-0.14,-0.19,0.87,-11.48,6.49,-371.1,1,1,4,0
68864,23.38,-0.17,-0.22,0.89,-12.02,6.64,-373.08,1,0,6,0
69086,23.38,-0.16,-0.22,0.89,-11.85,6.87,-373.14,2,0,11,0
69308,23.24,-0.14,-0.21,0.89,-11.92,6.81,-373.02,2,1,10,0
69530,23.38,-0.12,-0.22,0.88,-11.79,6.49,-372.83,2,1,7,0
69755,23.42,-0.14,-0.21,0.89,-12.11,6.66,-373,2,0,10,0
69979,23.33,-0.14,-0.22,0.9,-12.26,6.8,-373.04,3,0,2,0
70200,23.24,-0.13,-0.23,0.9,-12.44,6.69,-373.06,3,0,0,0
70422,23.38,-0.13,-0.21,0.88,-11.85,6.73,-372.81,2,3,10,0
70647,23.33,-0.13,-0.21,0.89,-11.54,6.72,-372.5,1,5,7,0
70870,23.38,-0.13,-0.22,0.89,-11.49,6.75,-372.27,1,6,6,0
71092,23.33,-0.13,-0.21,0.9,-11.49,6.67,-372.18,1,5,6,0
71314,23.33,-0.14,-0.2,0.9,-11.39,6.79,-372.14,1,2,6,0
71535,23.38,-0.1,-0.41,1.12,-18.09,9.53,-358.96,0,2,2,0
71760,23.38,-0.06,-0.45,0.96,-12.26,2.64,-350.57,4,21,10,9
71983,23.38,-0.15,-0.2,0.9,-10.65,5.59,-350.14,6,58,5,55
72206,23.28,-0.1,-0.22,0.88,-11.03,5.45,-349.8,12,55,1,48
72429,23.33,-0.12,-0.21,0.9,-11.68,5.52,-349.63,14,35,10,14
72656,23.38,-0.11,-0.2,0.9,-11.57,5.93,-349.49,10,35,10,17
72880,23.38,-0.12,-0.21,0.9,-11.71,6.13,-349.57,17,24,19,11
73104,23.38,-0.12,-0.21,0.9,-11.83,6.13,-349.51,17,24,24,11
73327,23.38,-0.12,-0.22,0.89,-12.05,6.14,-349.51,18,22,27,10
73554,23.42,-0.13,-0.22,0.9,-12.09,6.22,-349.53,18,20,31,8
73778,23.38,-0.12,-0.22,0.89,-12.29,6.14,-349.52,19,18,32,7
74001,23.47,-0.12,-0.22,0.9,-12.33,6.2,-349.51,17,19,34,8
74224,23.38,-0.13,-0.21,0.89,-12.33,6.29,-349.48,14,21,39,9
74451,23.28,-0.13,-0.23,0.89,-12.38,6.31,-349.45,13,21,35,9
74675,23.38,-0.13,-0.23,0.9,-12.4,6.37,-349.41,12,21,35,9
74898,23.38,-0.12,-0.23,0.89,-12.43,6.38,-349.38,13,18,34,7
75120,23.28,-0.12,-0.23,0.89,-12.54,6.4,-349.36,13,17,37,7
75347,23.42,-0.12,-0.24,0.89,-13.11,6.1,-349.44,21,11,44,4
75571,23.33,-0.12,-0.17,0.83,-12.52,6.26,-349.54,9,28,17,12
75793,23.42,-0.1,-0.24,0.9,-13.02,5.76,-349.71,7,24,11,10
76016,23.42,-0.11,-0.23,0.89,-13.08,5.8,-349.58,10,23,7,8
76242,23.47,-0.11,-0.22,0.88,-12.7,5.45,-348.92,15,13,21,9
76466,23.47,-0.11,-0.23,0.9,-12.58,5.66,-349.01,2,28,12,16
76689,23.42,-0.12,-0.23,0.89,-12.43,6.07,-349.16,11,40,20,35
76912,23.47,-0.11,-0.22,0.89,-12.44,6.07,-349.11,11,48,17,42
77139,23.38,-0.13,-0.22,0.89,-12.27,6.12,-349.05,9,53,14,53
77363,23.42,-0.12,-0.21,0.88,-12.17,6.13,-349.04,9,55,11,55
77586,23.38,-0.11,-0.23,0.91,-12.26,6.05,-348.96,8,55,11,55
77809,23.42,-0.12,-0.23,0.9,-12.22,6.25,-348.96,4,50,5,35
78035,23.38,0.31,-0.07,0.66,-8.91,0.69,-350.38,0,1,4,0
78260,23.42,0.07,-0.15,0.87,-2.48,7.92,-371.07,0,2,2,0
78481,23.38,-0.31,0.03,1.02,0.14,13.02,-385.61,0,1,2,0
78702,23.47,-0.17,0.01,0.87,5.4,13.59,-388.4,0,1,2,0
78926,23.42,0.01,-0.09,0.31,8.76,5.9,-384.33,0,0,2,0
79151,23.38,-1.58,-0.44,2,-17.5,17.68,-383.48,1,60,10,55
79374,23.38,-0.11,-0.33,1.02,-8,9.11,-380.55,2,50,24,48
79596,23.28,-0.12,-0.15,0.88,-7.88,8.13,-380.99,5,48,34,58
79823,23.42,-0.17,-0.21,0.92,-10.18,8.13,-381.23,9,30,53,18
80047,23.38,-0.16,-0.18,0.88,-9.77,7.97,-381.08,7,42,40,48
80270,23.42,-0.14,-0.17,0.89,-9.93,7.45,-381.05,8,48,39,48
80492,23.42,-0.14,-0.15,0.94,-10.12,7.01,-380.78,3,26,4,13
80718,23.38,-0.59,0.14,0.71,-2.13,10.98,-373.23,0,1,2,0
80940,23.38,0.01,-0.19,0.87,-3.11,5.74,-347.67,0,1,2,0
81164,23.33,0.57,-0.69,2,-41.93,4.32,-319.21,2,35,5,13
81386,23.42,-0.07,-0.26,0.87,-28.89,3.93,-322.45,16,26,31,9
81612,23.24,-0.11,-0.26,0.92,-18.71,5.45,-322.32,23,5,40,2
81836,23.38,0.1,0.02,1.1,-12.45,2.16,-323.09,0,1,4,0
82060,23.38,-0.15,0,0.96,1.69,7.27,-327.54,0,1,3,0
82284,23.28,-0.45,-0.39,1.65,3.28,4.05,-306.5,0,0,1,0
82508,23.33,0,-0.66,0.16,-22.48,-7.84,-302.39,0,1,2,0
82734,23.38,-0.14,0.17,0.82,-10.64,9.67,-308.17,7,66,9,46
82956,23.28,-0.09,-0.25,0.94,-14.43,5.87,-307.54,11,60,12,44
83179,23.33,-0.1,-0.24,0.9,-13.3,5.56,-307.41,2,58,11,35
83405,23.38,-0.12,-0.24,0.87,-13.4,5.8,-307.85,6,13,30,6
83629,23.38,-0.08,-0.3,0.92,-16.37,4.13,-308.33,18,8,44,0
83851,23.38,0.23,0.17,0.84,-17.53,3.34,-310.44,1,0,37,0
84072,23.33,-0.7,0.37,0.53,-10.31,30.53,-345.1,0,2,2,0
84293,23.38,-0.17,-0.27,1,11.52,17.51,-346,0,2,2,0
84518,23.33,0.12,-1.3,-0.09,-21.89,6.69,-333.23,0,4,3,0
84741,23.33,0.22,-0.04,0.45,-22.01,-3.77,-340.86,2,69,10,58
84963,23.38,-0.09,-0.24,0.88,-17.86,4.55,-341.75,6,11,34,3
85186,23.28,-0.12,-0.29,0.85,-18.2,4.39,-342.37,21,0,55,0
85411,23.33,-1.33,-1.09,1.31,-35.03,11.22,-359.62,0,1,2,0
85634,23.33,-0.04,-0.48,1.07,1.85,17.46,-356.22,0,2,3,0
85858,23.38,0.42,-0.71,0.34,-0.8,-0.09,-364.03,0,2,3,0
86079,23.24,-0.2,-0.61,1.73,-23.51,4.55,-379.23,1,69,9,73
86301,23.33,-0.29,-0.17,0.97,-13.85,7.86,-379.99,11,48,20,34
86529,23.38,-0.18,-0.29,0.93,-15.55,7.37,-380.52,11,11,50,0
86752,23.33,-0.14,-0.32,0.82,-18.35,6.93,-381.99,11,0,69,0
86977,23.42,-1.56,0.6,0.42,-17.16,28.37,-417.62,0,2,2,0
87202,23.24,-0.27,-0.4,1.22,10.04,9.56,-421.78,0,2,3,0
87424,23.28,0.21,-0.99,-0.14,-7.22,-3.85,-436.96,0,1,3,0
87645,23.33,0.86,-0.29,0.58,-25.13,-2.75,-447.1,7,63,11,55
87868,23.28,-0.26,-0.2,0.93,-14.99,9.24,-448.91,11,34,35,6
88090,23.19,-0.16,-0.25,0.86,-15.45,8.24,-449.98,27,0,80,0
88317,23.28,0.04,-0.1,0.62,-13.16,8.94,-449.96,8,0,27,0
88539,23.28,-0.55,0.1,0.36,0.23,39.06,-484.85,0,2,2,0
88760,23.14,-0.47,-0.26,0.81,2.68,21.58,-472.17,0,1,2,0
88984,23.24,-0.47,-0.89,0.7,-15.37,14.55,-469.45,0,1,2,0
89209,23.19,0.17,0.05,0.43,-18.69,-7.88,-470.5,5,63,2,63
89432,23.19,-0.21,-0.17,0.85,-14.07,6.01,-471.59,11,40,15,15
89656,23.24,-0.15,-0.18,0.92,-15.24,6.61,-472.38,34,0,66,0
89878,23.19,0.43,-0.5,2,-32.87,8.5,-485.05,0,1,4,0
90102,23.14,0.59,-0.63,1.1,1.28,19.58,-492.82,0,1,2,0
90328,23.14,-0.22,-0.58,0.62,6.93,16.47,-484.77,0,1,2,0
90549,23.19,-1.22,-0.64,1.93,-31.61,3.03,-479.2,1,58,8,80
90771,23.19,-0.23,-0.04,0.89,-13.88,2.16,-479.27,5,69,3,77
90994,23.09,-0.15,-0.24,0.88,-14.52,6.28,-480.41,14,24,25,8
91220,23.24,-0.16,-0.23,0.87,-14.67,7.29,-481.22,34,0,60,0
91443,23.14,-1.13,0.22,-0.24,-12.37,26.32,-497.73,1,2,2,0
91668,23.19,-0.11,-0.5,0.6,-7.92,12.87,-479.68,0,1,2,0
91890,23.14,-0.26,-0.02,1.02,3.36,9.86,-469.61,0,1,2,0
92114,23.09,-0.06,-0.54,0.6,-5.11,2.67,-474.27,1,1,2,0
92336,23.09,-0.24,-0.08,1.77,-20.2,8.05,-486.66,1,60,7,104
92558,23.28,-0.21,-0.14,0.94,-13.65,7.78,-486.15,6,55,5,66
92781,23.14,-0.17,-0.2,0.89,-13.83,7.9,-487.73,24,10,46,0
93007,23.09,0.13,-0.55,1.58,-18.77,9.54,-492.32,1,1,7,0
93233,23.19,0.01,-0.26,0.88,4.35,26.81,-512.95,0,1,2,0
93457,23.14,-0.41,-0.27,0.98,9.23,24.79,-511.98,0,1,2,0
93678,23.24,0.12,-0.78,0.3,-14.26,5.7,-502.42,1,1,2,0
93902,23.19,0.68,-0.51,0.43,-23.42,-4.87,-506,4,60,11,80
94126,23.09,-0.17,-0.2,0.87,-17.4,6.63,-508.43,16,1,37,0
94349,23.09,-0.18,-0.19,0.91,-16.52,7.64,-508.76,6,0,31,0
94574,23.14,-0.65,0.44,0.14,0.02,36.67,-534.07,1,1,2,0
94798,23.09,-0.31,-0.15,1.06,11.71,25.15,-522.11,1,1,2,0
95024,23.19,-0.02,-1.15,-0.17,-20.44,6.49,-510.03,1,2,2,0
95249,23.09,0.3,0.12,0.62,-19.24,-15.26,-514.67,11,44,25,44
95475,23.09,-0.13,-0.32,0.87,-20.21,4.31,-519.33,28,7,55,0
95698,23.09,-0.16,-0.26,0.85,-18.31,7.97,-520.03,11,0,24,0
95924,23.09,-0.31,0.33,0.52,4.62,37.89,-552.54,1,1,2,0
96145,23.09,-0.23,-0.54,1.2,14.16,17.13,-555.13,1,1,2,0
96366,23.09,-0.2,0.49,1.31,-13.39,7.99,-564.43,0,10,2,13
96591,23.05,-0.04,0.02,0.73,-19.89,-12.49,-565.36,6,63,5,66
96814,23.05,-0.21,-0.14,0.82,-13.51,5.13,-567.14,10,60,18,58
97038,23.05,-0.2,-0.19,0.88,-13.27,8.14,-568.24,23,9,48,0
97260,23.14,0.21,-1.26,1.73,-25.17,10.97,-578.55,1,1,4,0
97485,23.19,0.54,-0.17,1.47,10.23,22.28,-594.29,1,1,2,0
97707,23,0.1,-0.48,0.59,13.2,10.12,-592.86,1,1,2,0
97928,23.09,0.3,-0.28,2,-16.38,15.36,-604.75,1,58,2,69
98150,23.09,-0.57,-0.16,1.12,-22.24,10.42,-610.08,9,60,6,53
98373,23.09,-0.23,-0.22,0.89,-14.89,9.59,-609.87,8,35,25,11
98596,23.14,-0.16,-0.23,0.88,-13.67,8.7,-610.77,31,1,58,0
98819,23,-0.03,-0.76,2,-25.51,9.8,-623.89,0,2,3,0
99040,23.09,0.15,-0.5,0.99,0.77,23.28,-628.18,1,2,3,0
99264,22.91,-0.06,-0.2,0.77,-5.75,10.42,-612.85,1,1,2,0
99489,23.05,-0.24,-0.06,0.71,-6.26,12.02,-610.08,1,1,2,0
99715,23,0,-0.26,0.88,-8.02,5.72,-613.56,0,18,2,8
99937,23.09,-0.26,-0.24,0.95,-11.08,8.91,-615.91,9,42,11,30
100160,23.05,-0.23,-0.19,0.9,-10.17,10.52,-615.72,4,42,27,26
100387,23.05,-0.22,-0.19,0.88,-9.73,11.07,-615.79,12,42,27,17
100612,23.09,-0.22,-0.19,0.87,-9.52,11.01,-616.06,2,37,31,8
100834,23.09,-0.09,-0.55,1.4,-14.46,10.35,-621.04,1,1,6,0
101056,23.05,-0.11,-0.3,0.57,-20.24,2.94,-638.16,0,2,2,0
101281,23.09,-0.14,-0.31,0.72,-12.62,6.2,-628.54,1,2,3,0
101507,23.09,-0.55,-0.26,0.29,-8.28,11.04,-604.36,1,1,2,0
101732,23.14,0.29,-0.28,0.23,-36.87,-2.36,-574.24,3,0,7,4
101954,23,-0.24,-0.09,0.82,-16.15,12.5,-577.18,5,35,16,50
102181,23,-0.22,-0.14,0.85,-11.31,12.41,-577.17,7,48,20,60
102405,23,-0.26,-0.17,0.89,-9.72,12.76,-577.08,4,46,22,50
102629,23.09,-0.24,-0.17,0.86,-8.81,12.78,-576.98,3,48,21,60
102852,23.05,-0.24,-0.18,0.89,-8.82,12.63,-577,4,44,23,55
103076,23,-0.23,-0.18,0.88,-8.89,12.64,-577,5,37,26,46
103300,23,-0.25,-0.18,0.89,-8.92,12.69,-576.94,5,39,31,48
103523,23.14,-0.23,-0.18,0.86,-8.79,12.71,-576.81,4,40,31,53
103747,23,-0.25,-0.18,0.87,-8.74,12.87,-576.71,3,44,23,55
103970,23.09,-0.24,-0.18,0.88,-8.76,12.82,-576.67,3,40,27,58
104194,23.09,-0.24,-0.18,0.87,-8.77,12.86,-576.64,4,44,28,50
104418,23.05,-0.24,-0.17,0.87,-8.8,12.81,-576.62,4,42,30,50
104641,23.05,-0.24,-0.18,0.88,-8.94,12.69,-576.6,4,40,31,53
104868,23,-0.25,-0.18,0.88,-8.85,12.82,-576.48,4,42,31,60
105092,23,-0.24,-0.18,0.87,-8.78,12.86,-576.36,3,44,34,69
105315,23.14,-0.24,-0.16,0.86,-8.65,12.91,-576.25,3,46,25,55